{"vy+ZsCw417WX0NZ9x8H4pA==":"mbr-1920x1280.jpg","iv869NV6KbBkZr8QITclLw==":"mbr-1920x1386.jpg","Ona+gVlUCAnnRV0eL8Op+w==":"icon_home2-122x122.png","fCg8dEYtj/lU6+gBM77apA==":"icon_home3-122x119.png","UAc7kepzJPkrSn4uqTRvmw==":"background4.jpg","2UWwoFqqzKcXS22ByF5+ng==":"2019_june_1920x1200_03cut-1562x1200.jpg","wiS636++xbh2oCeC9uiYEA==":"content1-300x478.jpg","JX3bfIq2eqruW6rQKGoFTQ==":"taipei_101%20%20(2)-960x639.jpg","pa5Dkwo/T1qgW/t0h+fQvA==":"background5.jpg","XH/pk1EkyVQTscSPtrf1sg==":"bg_register-800x450.jpg","hVoHsSFaRHnX2LX9vYMHMQ==":"taichung1-762x574.jpg","bmhvm+Phw4ONdJY43RnKJw==":"tainan1-1000x665.jpg","o1yfOO0yvXZPjHtR7DAQFA==":"tainan2-1000x667.jpg","FytCIbLYjmYr8hrjEFe93g==":"taipei1-1200x630.jpg","R/2/rfnj7FN+5Knu3TmyFw==":"taipei2-1161x748.jpg","uXyXRk4ZTc2mrs39BWSr6Q==":"taitung1-1024x727.jpg","N/zmReXOVbTnYZRbiy0itA==":"taitung3-1188x792.jpg","19pNPrtqDkrtiyUuCoXEfQ==":"taitung2-1240x827.jpg","5wKx5zwSqilvu6GelotTZQ==":"taipei_101%20%20(3)-1280x853.jpg","k02WWL/mpC975/fG5uHaWg==":"bg_myfav-620x442.jpg","l8Ps4zbTuldpDgSg6ckxKg==":"bg_myfav-1100x733.jpg","p6InTePSAmnnYtWcge48uQ==":"tt%20logo-124x124.png","DXFgpw007k3RBgtDY8UjHg==":"bg_register-1920x1280.jpg","6U/wim4aK1W1HfQYRqm/ig==":"bg_register-1-1920x1280.jpg","3NxcHEpYQRKircqcZckOmw==":"bg_login-1920x1280.jpg","MvVNX98ZkKSELcOcw9Tz1g==":"tainan1-762x574.jpg","Nx8uBDqdi3jRrbS4GwnqsQ==":"taipei1-762x574.jpg","SFDBKJw9X3zCiGIFhqLZWw==":"tainan2-762x574.jpg","AQFATp6Zu2H+qqSlolgDtw==":"taitung1-762x574.jpg","QLLBYsEN3aDCU63ABEd59A==":"taipei2-762x574.jpg","cxoL4zsZeN63kmVWQX0iHQ==":"taitung3-762x574.jpg","rXIdcOr9JW427MKnGakoBw==":"taitung2-762x574.jpg","EcMQ51iLBixbZHeeyZFa8Q==":"bg_game-1944x1080.jpg","gdu4sagCZd8jAiHDbvkQWQ==":"bg_game2-1944x1080.jpg","4fu6MNYg4VXLyQBNEJ2WlQ==":"bg_game2-1-1944x1080.jpg","Rl77e7+8hZFPkHJUU4C3fQ==":"bg_myfav-1920x1280.jpg","xpXuZD8Ic2TslbpDUuFf/w==":"bg_myfav-1-1920x1280.jpg","K+LOkv3jufyx1mPkAJlh9w==":"bg_myfav-2-1920x1280.jpg","avYJ6p8fvQhIzGWFDgWzdQ==":"tt%20logo_smallai-122x122.png","VIs/8AO6jEKrQvzXz89ePg==":"tt%20logo_smallai-122x122.png"}